{
	"version":	"1.0",
	"metadata":	{
		"double sided geometry":	{
			"value":	false
		},
		"navigation hint":	{
			"value":	"Turntable"
		},
		"world bounding box":	{
			"minXYZ":	[-100.121828, 48.365639, -21.981627],
			"maxXYZ":	[-19.445981, 146.071430, -1.974667]
		},
		"world up vector":	{
			"XYZ":	[0, 0, 1]
		},
		"world front vector":	{
			"XYZ":	[0, -1, 0]
		},
		"world north vector":	{
			"XYZ":	[0, 1, 0]
		},
		"distance unit":	{
			"value":	"foot"
		},
		"default camera":	{
			"index":	0
		},
		"view to model transform":	{
			"type":	4
		},
		"georeference":	{
			"positionLL84":	[116.407410, 39.904213, 0]
		},
		"custom values":	{
			"angleToTrueNorth":	0,
			"refPointTransform":	[1, 0, 0, 0, 1, 0, 0, 0, 1, 0, 0, 0]
		}
	}
}